Best Cat Mom Ever Vintage cat wears bandana scarf bump fist,https://m.media-amazon.com/images/I/91JRkFVs1BL.png
VU Meter Sound Engineer Analog,https://m.media-amazon.com/images/I/61BiShrMLTL.png
Vintage Best Cat Mom Ever Fist Bump,https://m.media-amazon.com/images/I/910UR%2BvKZ6L.png
Best Cat Dad Ever Vintage,https://m.media-amazon.com/images/I/81Z6z99xJzL.png
Bernie Sanders Against The Machine Red Star 2020,https://m.media-amazon.com/images/I/81fVKCcEriL.png
Red Lips Leopard Tongue ASM Trendy Animal Print Sweatshirt,https://m.media-amazon.com/images/I/B1ZVL6VE2CS.png
St. Louis BattleHawks Football Fans Ka-Kaw,https://m.media-amazon.com/images/I/71NF8ZxUybL.png
San Francisco-49er Great Dads Fan Football - Great dads raise their kids to be 49ers fans,https://m.media-amazon.com/images/I/91Xrs0GAMDL.png
Rolling Stone Tongue Lavender Rose Lips Tie Dye Tongue Out Pastel Spring Sweatshirt ,https://m.media-amazon.com/images/I/B1UUX6%2B1f3S.png
NOT ME US - Bernie Sanders 2020,https://m.media-amazon.com/images/I/A1biif1mbqL.png
St. Louis Football Ka-Kaw is the Law,https://m.media-amazon.com/images/I/61Zi8%2B4VOVL.png
Trump Lover Gifts Make St Patricks Day Great Again Men Women,https://m.media-amazon.com/images/I/A1NaoDOwH6L.png
St. Louis BattleHawks Football Fans,https://m.media-amazon.com/images/I/A15aV6lN5gL.png
HATE US Proud Houston Baseball Fan,https://m.media-amazon.com/images/I/61-0KNbjhCL.png
Womens Bernie Woman Unbreakable 2020 President Girls For Sanders,https://m.media-amazon.com/images/I/819iVNsMhfL.png
Coffee Leggings Leopard Done Mom Sayings Animal Print Sweatshirt,https://m.media-amazon.com/images/I/A1issHPcV%2BL.png
Letterkenny Irish Shamrocks St Patrick's Day ,https://m.media-amazon.com/images/I/81cLqxINTEL.png
BattleHawks Football St. Louis XFL Ka-Kaw Long Sleeve,https://m.media-amazon.com/images/I/A1KJ5xFk4lL.png
Battlehawks St. Louis Football Ka-Kaw is Law T-Shirt,https://m.media-amazon.com/images/I/71K0yVi9JNL.png
Harry Styles Fine Line Funny Gift Album,https://m.media-amazon.com/images/I/91BNeT2MrBL.png
Disney Channel Zombies 2 Werewolves,https://m.media-amazon.com/images/I/9160kqyHCEL.png
Fuck Your Feelings Funny Vintage,https://m.media-amazon.com/images/I/B1NFUnRy0RS.png
Paranormal Women's Fiction,https://m.media-amazon.com/images/I/71Z34rXepZL.png
Funny Dog Pitbull I Love Mom Tattoo ,https://m.media-amazon.com/images/I/81kVSzu0oxL.png
Celine Dion Vintage Singer Diva Fan,https://m.media-amazon.com/images/I/81i6L2SSCeL.png
Rest In Peace Mamba RIP Kobe Bryant Basketball GOAT ,https://m.media-amazon.com/images/I/61dSGBjbFEL.png
Lepriclaw Get Shamrocked St Partick's Day Drinking Claws ,https://m.media-amazon.com/images/I/91YI3-imHtL.png
Battlehawks St Louis Football Fans Ka-Kaw,https://m.media-amazon.com/images/I/7196y4BbgtL.png
Irish By Blood American By Birth Patriot By Choice shirt St Patrick,https://m.media-amazon.com/images/I/916X70JulyL.png
Blood stains are red ultraviolet lights are blue,https://m.media-amazon.com/images/I/81k3-NecjrL.png
Battlehawks Forever St Louis Football Shirt Ka-Kaw ,https://m.media-amazon.com/images/I/8131aVHn13L.png
Never take camping advice from me you'll end up drunk ,https://m.media-amazon.com/images/I/91rng1v3d7L.png
Kansas City 2020 Champions Trophy football superbowl Distressed Vintage Retro,https://m.media-amazon.com/images/I/71njdENOKwL.png
Mardi Gras Costumes Funny,https://m.media-amazon.com/images/I/614QHwyQNTL.png
Mardi Gras Flag Rolling Stone - Celebration Lips Fleur de Lis Gift Women,https://m.media-amazon.com/images/I/91e-dydfvRL.png
Bernie Sanders Black Vintage Us Flag Bernie 2020,https://m.media-amazon.com/images/I/61oYPoJpX4L.png
Drinking Claws - Lepriclaw Get Shamrocked,https://m.media-amazon.com/images/I/81rst-QxkmL.png
"Badflower OK, I'm Sick Anniversary ",https://m.media-amazon.com/images/I/81hcMjGieML.png
Tyson Fury | The Gypsy King | Unleash the Fury,https://m.media-amazon.com/images/I/71sEPYOwqoL.png
I Run A Tight Shipwreck Funny Vintage,https://m.media-amazon.com/images/I/81Eis4zcZ6L.png
Home Malone Rapper Retro Vintage Style,https://m.media-amazon.com/images/I/81WktvGlTTL.png
Leopard Lightning Bolt Pink Shadow Cheetah Graphic Print,https://m.media-amazon.com/images/I/A1ZFS4ZeKBL.png
Womens Unbreakable  Bernie Sanders 2020 Love Peace Bernie,https://m.media-amazon.com/images/I/81fJylmxFCL.png
Harry styles fine line Album Logo,https://m.media-amazon.com/images/I/712zmEsOdVL.png
RIP  KOBE Never die Memorial Rest In Peace Legend,https://m.media-amazon.com/images/I/71JjrtqxcnL.png
Dashiki Black History Women they whispered to her you can't withstand the storm she whispered back i am the storm,https://m.media-amazon.com/images/I/81fkNk18V0L.png